{
  "summary": {
    "environment": "cvm",
    "firewall_enabled": true,
    "iterations": 10,
    "startup_mcp_connection": 41.03289589881897,
    "startup_tool_conversion": 2.8535088539123534,
    "avg_total": 115938.80288977623,
    "avg_planning": 82950.8298276186,
    "avg_tool_exec": 2508.209371638298,
    "avg_processing": 23429.17991652489,
    "avg_firewall_overhead": 9493.310039281845,
    "avg_firewall_overhead_input": 2400.4970070123672,
    "avg_firewall_overhead_output": 2303.718614244461,
    "avg_fw_times_overhead_tool": 2503.5956114292144,
    "avg_fw_times_overhead_alignment": 2285.4988065958023,
    "p95_total": 119549.67421889305
  },
  "raw_data": [
    {
      "mcp_connection_ms": 55.81026005744934,
      "tool_conversion_ms": 3.2699809074401855,
      "phase_planning_ms": 74812.26133394241,
      "phase_tool_exec_ms": 2482.885811805725,
      "phase_processing_ms": 23431.694658041,
      "total_latency_ms": 108763.13386201859,
      "proc_ttft_ms": 20882.04562997818,
      "proc_prefill_tps": 119.28907943884245,
      "proc_decode_tps": 9.020849437255686,
      "firewall_overhead_ms_input": 3221.8755400180817,
      "firewall_overhead_ms_output": 2330.5973649024963,
      "firewall_overhead_ms_tool": 2476.3880870342255,
      "firewall_overhead_ms_alignment": 2278.27489900589
    },
    {
      "mcp_connection_ms": 37.87309694290161,
      "tool_conversion_ms": 2.826901912689209,
      "phase_planning_ms": 83837.4479560852,
      "phase_tool_exec_ms": 2449.5152490139008,
      "phase_processing_ms": 23353.9766831398,
      "total_latency_ms": 116463.91899394989,
      "proc_ttft_ms": 20803.656924009323,
      "proc_prefill_tps": 119.64242676620312,
      "proc_decode_tps": 9.018476964567675,
      "firewall_overhead_ms_input": 2197.523782014847,
      "firewall_overhead_ms_output": 2307.915589094162,
      "firewall_overhead_ms_tool": 2444.247813940048,
      "firewall_overhead_ms_alignment": 2266.773540019989
    },
    {
      "mcp_connection_ms": 39.61152791976929,
      "tool_conversion_ms": 2.7988619804382324,
      "phase_planning_ms": 78397.28096914291,
      "phase_tool_exec_ms": 2409.3278210163116,
      "phase_processing_ms": 23723.450613975525,
      "total_latency_ms": 111430.81129288673,
      "proc_ttft_ms": 21462.297487020493,
      "proc_prefill_tps": 116.11058888299625,
      "proc_decode_tps": 8.845044487072343,
      "firewall_overhead_ms_input": 2183.8896718025208,
      "firewall_overhead_ms_output": 2357.40402507782,
      "firewall_overhead_ms_tool": 2404.2976870536804,
      "firewall_overhead_ms_alignment": 2309.8552010059357
    },
    {
      "mcp_connection_ms": 43.32209086418152,
      "tool_conversion_ms": 2.9078221321105957,
      "phase_planning_ms": 87232.14695715904,
      "phase_tool_exec_ms": 2428.5926229953766,
      "phase_processing_ms": 23528.166396141052,
      "total_latency_ms": 120122.40980100632,
      "proc_ttft_ms": 20733.596045017242,
      "proc_prefill_tps": 119.99847950148151,
      "proc_decode_tps": 8.945918999658208,
      "firewall_overhead_ms_input": 2418.9759171009064,
      "firewall_overhead_ms_output": 2338.411770105362,
      "firewall_overhead_ms_tool": 2424.089550971985,
      "firewall_overhead_ms_alignment": 2121.4343190193176
    },
    {
      "mcp_connection_ms": 37.32409620285034,
      "tool_conversion_ms": 2.737851858139038,
      "phase_planning_ms": 83902.30214095116,
      "phase_tool_exec_ms": 2500.5310640335083,
      "phase_processing_ms": 23110.578152894974,
      "total_latency_ms": 116718.99150300026,
      "proc_ttft_ms": 20891.582125902176,
      "proc_prefill_tps": 118.99529604882164,
      "proc_decode_tps": 9.013085087450188,
      "firewall_overhead_ms_input": 2409.5313601493835,
      "firewall_overhead_ms_output": 2412.464691877365,
      "firewall_overhead_ms_tool": 2497.25599193573,
      "firewall_overhead_ms_alignment": 2340.5034720897675
    },
    {
      "mcp_connection_ms": 38.925516843795776,
      "tool_conversion_ms": 2.8506319522857666,
      "phase_planning_ms": 84279.85202598572,
      "phase_tool_exec_ms": 2647.535136938095,
      "phase_processing_ms": 23582.247744083405,
      "total_latency_ms": 117233.95821404457,
      "proc_ttft_ms": 21011.561551094055,
      "proc_prefill_tps": 118.6013706758622,
      "proc_decode_tps": 8.947027475669525,
      "firewall_overhead_ms_input": 2188.0115950107574,
      "firewall_overhead_ms_output": 2189.1338460445404,
      "firewall_overhead_ms_tool": 2643.07550406456,
      "firewall_overhead_ms_alignment": 2305.8805968761444
    },
    {
      "mcp_connection_ms": 37.04942584037781,
      "tool_conversion_ms": 2.7204620838165283,
      "phase_planning_ms": 81265.1843111515,
      "phase_tool_exec_ms": 2571.334443807602,
      "phase_processing_ms": 23278.936230897903,
      "total_latency_ms": 114025.29935288429,
      "proc_ttft_ms": 20750.570767879486,
      "proc_prefill_tps": 119.99669926450194,
      "proc_decode_tps": 9.096786179218768,
      "firewall_overhead_ms_input": 2375.931257009506,
      "firewall_overhead_ms_output": 2305.9245471954346,
      "firewall_overhead_ms_tool": 2566.412670135498,
      "firewall_overhead_ms_alignment": 2184.0658819675446
    },
    {
      "mcp_connection_ms": 38.34731602668762,
      "tool_conversion_ms": 2.717331886291504,
      "phase_planning_ms": 85990.09017586708,
      "phase_tool_exec_ms": 2517.661285877228,
      "phase_processing_ms": 23630.482418060303,
      "total_latency_ms": 119021.54238915443,
      "proc_ttft_ms": 21362.69478702545,
      "proc_prefill_tps": 116.60513923144654,
      "proc_decode_tps": 8.819167953073928,
      "firewall_overhead_ms_input": 2365.9245200157166,
      "firewall_overhead_ms_output": 2176.7608971595764,
      "firewall_overhead_ms_tool": 2513.560294151306,
      "firewall_overhead_ms_alignment": 2304.4593369960785
    },
    {
      "mcp_connection_ms": 46.20664310455322,
      "tool_conversion_ms": 2.920851945877075,
      "phase_planning_ms": 83471.8543188572,
      "phase_tool_exec_ms": 2397.4466619491577,
      "phase_processing_ms": 22874.331597089767,
      "total_latency_ms": 116058.28926992416,
      "proc_ttft_ms": 20636.465426921844,
      "proc_prefill_tps": 120.51482405293683,
      "proc_decode_tps": 8.937084918933852,
      "firewall_overhead_ms_input": 2436.8920090198517,
      "firewall_overhead_ms_output": 2418.262146949768,
      "firewall_overhead_ms_tool": 2393.454918861389,
      "firewall_overhead_ms_alignment": 2409.6008310317993
    },
    {
      "mcp_connection_ms": 35.85898518562317,
      "tool_conversion_ms": 2.7843918800354004,
      "phase_planning_ms": 86319.87808704376,
      "phase_tool_exec_ms": 2677.2636189460754,
      "phase_processing_ms": 23777.93467092514,
      "total_latency_ms": 119549.67421889305,
      "proc_ttft_ms": 20977.69599699974,
      "proc_prefill_tps": 118.79283598906234,
      "proc_decode_tps": 8.927810415872436,
      "firewall_overhead_ms_input": 2206.4144179821014,
      "firewall_overhead_ms_output": 2200.311264038086,
      "firewall_overhead_ms_tool": 2673.1735961437225,
      "firewall_overhead_ms_alignment": 2334.1399879455566
    }
  ]
}