{
  "summary": {
    "environment": "cvm",
    "firewall_enabled": true,
    "iterations": 9,
    "startup_mcp_connection": 42.8243791103363,
    "startup_tool_conversion": 3.118078017234802,
    "avg_total": 128474.356431,
    "avg_planning": 84663.43677303792,
    "avg_tool_exec": 2522.3796317100523,
    "avg_processing": 26950.78654022217,
    "avg_firewall_overhead": 20658.451822781564,
    "avg_firewall_overhead_input": 2414.547558927536,
    "avg_firewall_overhead_output": 2372.427473402023,
    "avg_fw_times_overhead_tool": 2519.225791311264,
    "avg_fw_times_overhead_alignment": 13352.250999140739,
    "p95_total": 131859.76809501648
  },
  "raw_data": [
    {
      "mcp_connection_ms": 47.81675410270691,
      "tool_conversion_ms": 3.4245219230651855,
      "phase_planning_ms": 85965.23250818253,
      "phase_tool_exec_ms": 2465.796949148178,
      "phase_processing_ms": 23172.638056993484,
      "total_latency_ms": 130932.77851510048,
      "proc_ttft_ms": 20627.197000980377,
      "proc_prefill_tps": 120.66593439145909,
      "proc_decode_tps": 9.035762170043967,
      "firewall_overhead_ms_input": 3203.479858160019,
      "firewall_overhead_ms_output": 2366.2430300712585,
      "firewall_overhead_ms_tool": 2459.94135594368,
      "firewall_overhead_ms_alignment": 13575.55701303482
    },
    {
      "mcp_connection_ms": 50.0564661026001,
      "tool_conversion_ms": 2.910740852355957,
      "phase_planning_ms": 87508.16489100456,
      "phase_tool_exec_ms": 2286.0912640094757,
      "phase_processing_ms": 23613.8323469162,
      "total_latency_ms": 131859.76809501648,
      "proc_ttft_ms": 20824.992259979248,
      "proc_prefill_tps": 119.56787157060299,
      "proc_decode_tps": 8.964300289966822,
      "firewall_overhead_ms_input": 2436.5923988819122,
      "firewall_overhead_ms_output": 2340.860633134842,
      "firewall_overhead_ms_tool": 2283.372591972351,
      "firewall_overhead_ms_alignment": 13629.766992092133
    },
    {
      "mcp_connection_ms": 39.436887979507446,
      "tool_conversion_ms": 2.6975619792938232,
      "phase_planning_ms": 85680.09024786949,
      "phase_tool_exec_ms": 2513.3674030303955,
      "phase_processing_ms": 22214.186304092407,
      "total_latency_ms": 128107.77235293388,
      "proc_ttft_ms": 20599.038671016693,
      "proc_prefill_tps": 120.73378955782361,
      "proc_decode_tps": 9.287076730834572,
      "firewall_overhead_ms_input": 2423.1678099632263,
      "firewall_overhead_ms_output": 2430.922525882721,
      "firewall_overhead_ms_tool": 2510.612660884857,
      "firewall_overhead_ms_alignment": 12799.390850067139
    },
    {
      "mcp_connection_ms": 51.25942587852478,
      "tool_conversion_ms": 4.578193187713623,
      "phase_planning_ms": 83634.79358410835,
      "phase_tool_exec_ms": 2497.1340429782867,
      "phase_processing_ms": 22672.7072558403,
      "total_latency_ms": 126644.41836595535,
      "proc_ttft_ms": 21038.645400047302,
      "proc_prefill_tps": 118.44869061742907,
      "proc_decode_tps": 9.179579063560357,
      "firewall_overhead_ms_input": 2433.4523169994354,
      "firewall_overhead_ms_output": 2167.2744698524475,
      "firewall_overhead_ms_tool": 2494.2339100837708,
      "firewall_overhead_ms_alignment": 13192.360924959183
    },
    {
      "mcp_connection_ms": 36.94713592529297,
      "tool_conversion_ms": 2.680821180343628,
      "phase_planning_ms": 85580.92432904243,
      "phase_tool_exec_ms": 2459.285026073456,
      "phase_processing_ms": 22258.878104925156,
      "total_latency_ms": 128570.6544778347,
      "proc_ttft_ms": 20631.880863904953,
      "proc_prefill_tps": 120.59007205458927,
      "proc_decode_tps": 9.219437883369922,
      "firewall_overhead_ms_input": 2412.159061908722,
      "firewall_overhead_ms_output": 2390.5972969532013,
      "firewall_overhead_ms_tool": 2456.414871931076,
      "firewall_overhead_ms_alignment": 13418.636312961578
    },
    {
      "mcp_connection_ms": 40.710498094558716,
      "tool_conversion_ms": 2.854641914367676,
      "phase_planning_ms": 85519.06744503975,
      "phase_tool_exec_ms": 2487.001034975052,
      "phase_processing_ms": 23401.839647769928,
      "total_latency_ms": 129243.76414990425,
      "proc_ttft_ms": 20626.414559841156,
      "proc_prefill_tps": 120.57354867879435,
      "proc_decode_tps": 9.007629176782016,
      "firewall_overhead_ms_input": 2207.6480991840363,
      "firewall_overhead_ms_output": 2365.1240689754486,
      "firewall_overhead_ms_tool": 2483.8941130638123,
      "firewall_overhead_ms_alignment": 13222.13037610054
    },
    {
      "mcp_connection_ms": 42.55033993721008,
      "tool_conversion_ms": 2.7410621643066406,
      "phase_planning_ms": 85642.90125322342,
      "phase_tool_exec_ms": 2519.342957019806,
      "phase_processing_ms": 23270.276624917984,
      "total_latency_ms": 129147.01281189919,
      "proc_ttft_ms": 20704.401905059814,
      "proc_prefill_tps": 120.26428058235699,
      "proc_decode_tps": 8.963804749310341,
      "firewall_overhead_ms_input": 2192.6710782051086,
      "firewall_overhead_ms_output": 2388.855216026306,
      "firewall_overhead_ms_tool": 2516.929435968399,
      "firewall_overhead_ms_alignment": 13082.711239099503
    },
    {
      "mcp_connection_ms": 41.13818907737732,
      "tool_conversion_ms": 3.0296518802642822,
      "phase_planning_ms": 78125.13488793373,
      "phase_tool_exec_ms": 2519.5554480552673,
      "phase_processing_ms": 23236.133730888367,
      "total_latency_ms": 122224.19246482849,
      "proc_ttft_ms": 20678.508076906204,
      "proc_prefill_tps": 120.41487667965933,
      "proc_decode_tps": 8.992715554048946,
      "firewall_overhead_ms_input": 2197.8082621097565,
      "firewall_overhead_ms_output": 2343.274594068527,
      "firewall_overhead_ms_tool": 2516.5721759796143,
      "firewall_overhead_ms_alignment": 13754.703918933868
    },
    {
      "mcp_connection_ms": 37.96807599067688,
      "tool_conversion_ms": 2.988692045211792,
      "phase_planning_ms": 85379.88233709335,
      "phase_tool_exec_ms": 2445.392635822296,
      "phase_processing_ms": 23388.038677930832,
      "total_latency_ms": 129538.84664821625,
      "proc_ttft_ms": 20609.800808906555,
      "proc_prefill_tps": 120.71926473567892,
      "proc_decode_tps": 8.998509551228619,
      "firewall_overhead_ms_input": 2243.1538228988647,
      "firewall_overhead_ms_output": 2575.88174700737,
      "firewall_overhead_ms_tool": 2442.695174217224,
      "firewall_overhead_ms_alignment": 13460.949063062668
    }
  ]
}